session_id,question,think_flag
1,今天市场上有哪些涨停的股票,False
1,今天跑赢大盘了吗,False
1,今天跑赢大盘了吗,False
1,今天自选股涨最多？,False
1,跌最狠的是哪一只,False
1,今天自选股涨最多？,True
1,请告诉关于东吴证券的最新研报,False
1,市场最新研报有哪些？,False
1,市场最新研报有哪些？,True
1,跌最狠的是哪一只,True
1,告诉我今天市场整体状况如何？,False
1,今天自选股涨最多？,False
2,东吴证券股价波动怎么样,False
2,海通证券股价是多少？近期表现怎样,False
2,推买入哪些证券股票,False
2,中国重工今天的股价是多少？,False
2,中国重工是退市了？,False
2,600571适合买入吗,False
2,今天证券板块的表现如何？,False
2,汤姆猫是哪个板块，近期表现如何,False
2,证券板块的龙头股票是哪些,False
2,长江证券股价波动怎么样,False
2,自选股今日表现如何？,True
2,亚星锚链今天表现如何,False
2,我的持仓股今日表现怎样？,True
2,亨迪药业表现如何 明天趋势,True
2,我的持仓股今日涨跌情况？,False
2,天汽模市场表现,False
2,今天哪只自选股涨幅最高,False
2,今天自选股表现如何,False
2,自选股明天趋势,False
2,今天自选股表现？,False
2,自选股今天涨跌情况？,False
2,哪些自选股值得关注,False
3,金奥博当日主力资金动向？,False
3,联得装备3月23日主力资金流向,False
3,联得装备3月24日主力资金流向,False
3,联得装备3月26日主力资金流向,False
3,联得装备3月25日主力资金流向,False
3,联得装备3月27日主力资金流向,False
3,联得装备3月30日主力资金流向,False
3,联得装备3月31日主力资金流向,False
3,联得装备4月3日主力资金流向,False
3,联得装备4月1日主力资金流向,False
3,联得装备4月7日主力资金流向,False
3,联得装备4月2日主力资金流向,False
3,联得装备4月9日主力资金流向,False
3,联得装备4月8日主力资金流向,False
3,联得装备4月10日主力资金流向,False
3,联得装备当日主力资金动向？,False
3,金奥博3月24日主力资金流向,False
3,金奥博3月23日主力资金流向,False
3,金奥博3月26日主力资金流向,False
3,金奥博3月25日主力资金流向,False
3,金奥博3月27日主力资金流向,False
3,金奥博3月30日主力资金流向,False
3,金奥博3月31日主力资金流向,False
3,金奥博4月1日主力资金流向,False
3,金奥博4月2日主力资金流向,False
3,金奥博4月8日主力资金流向,False
3,金奥博4月9日主力资金流向,False
3,金奥博4月3日主力资金流向,False
3,金奥博4月7日主力资金流向,False
3,金奥博4月10日主力资金流向,False
3,金奥博3月22日主力资金流向,False
4,AI行业近期有哪些新政策？,False
4,苏州对人工智能产业有什么政策扶持,False
4,哪些城市对人工智能产业有明确的政策扶持,False
4,下周有哪些重要财经事件,False
4,今天A股涨停股票有几只？,False
4,今天有多少涨停股票,False
4,今天有多少涨停股票,False
4,昨天有多少涨停股票,False
4,下周有哪些重要财经事件,False
4,最近有哪些重要财经事件,False
4,苏州的OPC，一人公司会对市场有什么影响,False
4,最近ai、人工智能行业有什么消息和政策？分析下对市场可能的影响,False
4,主板涨停股中沪市有多少只？,False
4,最近有什么利好利空,False
4,我的自选股有什么利好消息,False
4,今天市场涨停情况怎么样,False
4,近一个月工业富联最低收盘价,False
4,工业富联主力资金动向,False
4,今天自选股的成交额如何？,False
4,8.1号工业富联收盘价,False
4,9.1号工业富联收盘价,False
4,今天自选股的成交量如何？,False
4,今日自选股资金净流入有哪些,False
4,近一个月工业富联最低价,False
4,自选股资金流入和前五名涨跌幅,False
4,今天自选股的涨跌幅如何？,False
5,贵州茅台沪深港通最新持股数量是多少？,False
5,伊利股份的存货周转天数比双汇发展低多少？,False
5,中兴通讯的近一月涨跌幅,False
5,万科A的近三年营业收入复合增长率是多少,False
5,恒生电子今天的换手率是多少？,False
5,平安集团的高管薪酬,False
5,恒生电子股息率,False
5,今年以来，贵州茅台的最高价是多少？,False
5,中兴通讯2024财年第1季度销售毛利率是多少,False
5,中信证券最近三年合并口径的年末总资产是多少,False
5,贵州茅台最新年化总资产报酬率如何,False
5,贵州茅台最新加权净资产收益率如何,False
5,贵州茅台最近一个报告期每股净资产同比增长率是多少,False
5,波长光电的首发价格是多少？,False
5,恒生电子今天的主力净买入额是多少？,False
5,贵州茅台最新季度毛利率与五粮液相比高多少,False
5,太平洋保险最新净利润,False
5,伊利股份的最近季度营收增长率是多少,False
5,中国石化的上市日期比中国石油早几年？,False
5,贵州茅台的上市日期,False
5,贵州茅台最近一个报告期基本每股收益是多少,False
5,中信证券最近一个报告期资产周转率是多少,False
5,中兴通讯披露的2024财年第1季度净资产是多少,False
5,2025年3月18日，贵州茅台的融券卖出量是多少？,False
5,昨天贵州茅台的融资买入额是多少？,False
5,贵州茅台近一年的最高价是多少？,False
5,比亚迪今天的换手率是多少？,False
5,贵州茅台市盈率如何？,False
5,中信证券最新营业收入同比增长率,False
5,比亚迪所属申万行业的整体净利润增速水平？,False
5,寒武纪所在中信行业的最新季度营收总额？,False
5,平安银行昨天的股价,False
5,中信证券今年上半年营业收入是多少,False
5,投资宁德时代的基金中，规模最大的前5支？,False
5,投资贵州茅台占比最高的前10支基金？,False
5,华林证券近5个月收益率如何？,False
5,华林证券收盘价超过16块钱的次数,False
5,中信证券今年上半年合并口径营业成本是多少,False
6,融资融券的交易规则是什么？,False
6,融资融券的风险有哪些？,False
6,融资融券怎么操作？,False
6,融资融券的交易规则,False
6,强制平仓会带来哪些影响？,False
6,融资融券的交易规则是什么？,False
6,融资融券如何进行交易？,False
6,什么是融资融券？有哪些注意事项？,False
6,融资融券的保证金比例是多少？,False
6,融资融券的交易规则有哪些？,False
6,自选股的整体市盈率是多少？,False
6,自选股pettm＜10的股票,False
6,自选股美股净资产排序？,False
6,自选股eps？？,False
6,688001卖盘,False
6,自选股近一年涨跌幅排序,False
6,自选股静态pe排序,False
6,我的自选股中市盈率最低的股票有哪些？,False
6,自选股股息率排序？,False
6,自选股pettm大于10的股票,False
6,长江传媒是否注册制？,False
6,002392内盘,False
6,市销率排序,False
6,自选股息率大于2%的股票,False
6,自选股pb排序,False
6,东吴证券的量比是多少？,False
6,自选股中分红较高的股票有哪些？,False
6,万科量比,False
6,万科a量比,False
7,如何查询预留手机号码,False
7,如何解绑主银行卡,False
7,如何开通OTC账户,False
7,如何修改基金分红方式,False
7,如何操作担保证券划转,False
7,查询上市公司可转债信息公告路径如何签署融资融券业务合同变更确认书,False
7,申购可转债是否支持撤单,False
7,如何设置天添利余额自动委托的保留金额,False
7,如何进行大宗交易,False
7,如何进行大宗交易,False
7,如何设置复权行情,False
7,如何申购北交所新股,False
7,如何设置软件登录时长,False
7,如何开通国债逆回购权限,False
7,多个账户是否可同时开通创业板权限,False
7,担保证券划转是否支持撤单,False
7,如何开通Level2,False
7,如何查询A股交易记录,False
7,如何开通国债逆回购权限,False
7,北交所大宗交易如何操作,False
7,担保证券划转是否支持撤单,False
7,如何更新个人信息,False
7,如何查询国债逆回购的成交记录,False
7,如何关闭天添利余额自动委托,False
7,如何更新身份证信息,False
7,如何更新身份证信息,False
7,如何更新风险测评,False
7,如何更新风险测评,False
7,如何添加联系人,False
7,如何找回账号和密码,False
7,如何修改账户预留手机号码,False
7,A股交易的委托方式,False
7,如何行使现金选择权,False
7,如何操作可转债转股,False
7,如何操作担保证券划转,False
7,配股缴款操作流程,False
7,如何查询股东账号,False
7,如何查询B股持仓,False
7,如何查看账户信息,False
8,今天有哪些个股涨停了？,False
8,我的自选股涨停数量，占全市场当日涨停百分比是多少？,False
8,我的自选有涨停吗？,False
8,今天涨停股票，哪些板块是受政策影响的,False
8,今日涨停股中哪些受益于碳达峰政策？,False
8,我的自选有涨停吗？,False
8,我的自选股涨停数量，占全市场当日涨停百分比是多少？,False
8,全市场涨停数量前三的板块是什么,False
8,今天涨停最多的板块是什么？,False
8,找出一些最近涨停个股，并分析原因,False
8,今天主板涨停股有哪些？,False
8,推荐几只涨停股票,False
8,今日涨停的个股有哪些？,False
8,涨停的个股有哪些？,False
8,今日市场有哪些股票涨停,False
8,今天有什么热点信息,False
8,今日市场有哪些股票涨停,False
8,创业板涨停股是哪些？,False
8,这些涨停股明天会继续涨吗？,False
8,平安银行市盈率,False
8,118027怎么样,False
8,分析300560,False
8,000851怎么样,False
8,分析601138,False
8,今天市场上有哪些异动股票,False
8,分析一下300418最近的股价走势,False
8,688041最近有什么资讯,False
8,600083怎么样,False
8,920100这只股票基本面怎么样,False
8,平安银行的最新换手率？,False
8,920022开盘价,False
8,118027怎么样,False
9,东吴证券今日成交量,False
9,东吴证券总市值,False
9,最近有哪些利好事件,False
9,东吴证券的最新公告内容？,False
9,帮我分析一下东吴证券三季报,False
9,黄金板块还可以买吗？,False
9,上海机电还可以买入吗？,False
9,帮我买入100手贵州茅台,False
9,按买一价买入,False
9,介绍一下汽车产业链,False
9,帮我分析一下云计算板块,False
9,002094上龙虎榜了吗,True
9,周杰伦炒股吗？,True
9,今天的龙虎榜上还有哪些股票？,True
9,002094后续会有上榜机会吗？,True
9,哪个概念股跌幅最大,True
9,青岛金王的市场表现如何？,True
9,放量上涨的有哪些,True
9,青岛金王的换手率是多少？,True
9,我的自选股中有哪些放量上涨的股票？,True
9,自选股异动,False
9,哪个概念股涨的最好？哪个涨的最差？,False
9,自选股异动,True
9,宁德时代今天怎么样？,True
9,有哪些股票可以购买？,False
9,广发聚鑫的最新披露规模,False
9,宁德时代最新收入,False
9,摩根双债增利的分红发放日,False
9,食品饮料行业下最新营收同比增速最大的个股,False
9,波长光电的首发价格是多少,False
9,比亚迪今天的换手率是多少？,False
9,贵州茅台上市日期,False
9,贵州茅台最近一个报告期每股净资产相对年初增长率是多少,False
9,贵州茅台市盈率如何,False
9,中信证券今年上半年营业收入是多少,False
9,宁德时代上市日期,False
9,沪深两市的最新个股数量,False
9,美的集团昨天涨停了吗,False
10,300285,False
10,300115,False
10,利亚德近期的主力资金动向是什么？,False
10,300296,False
10,300296,False
10,300258,False
10,300296,False
10,300342,False
10,300433,False
10,300017,False
10,贵州茅台最近有分红吗,False
10,奥瑞德股东增减持,False
10,中远海控毛利率,False
10,新城市股东减持情况？,False
10,宁德时代近期有股权变动吗？,False
10,宁德时代最近有大股东减持吗,False
10,最近有没有上市公司发布了控股股东股权质押公告？,False
10,我的自选股近期有什么股权变动吗,False
10,东吴证券的交易提示信息,False
10,贵州茅台财务情况？,False
11,北交所大宗交易如何操作,False
11,如何查询国债逆回购的成交记录,False
11,如何更新个人信息,False
11,多个账户是否可同时开通创业板权限,False
11,如何进行大宗交易,False
11,国债逆回购是否支持撤单,False
11,如何申购北交所新股,False
11,如何开通国债逆回购权限,False
11,如何查询A股交易记录,False
11,如何更新个人信息,False
11,如何开通Level2,False
11,如何设置复权行情,False
11,如何关闭天添利余额自动委托,False
11,如何设置软件登录时长,False
11,担保证券划转是否支持撤单,False
11,RS1指标是什么,False
11,多头排列的均线参数有哪些？,False
11,RS1指标超买是不是买入信号,False
11,多头排列一般用哪些均线组合？,False
11,股票多头排列怎么看数据分析,False
11,RS1指标怎么看超买超卖？,False
11,MACD是什么指标,False
11,乐山电力30日均线图,False
11,乐山电力今天RS1趋势如何,False
11,DEA代表什么,False
11,RS1指标是什么意思,False
11,我的自选股今天表现如何？,False
11,创远信科最新业绩对股价影响如何？,False
11,宁德时代现在股价位置怎么样？,False
11,现在还能买吗？,False
11,信息技术板块资金流入排名前三的股票？,False
11,宁德时代今日资金流向情况？,False
11,新能源车产业链资金动向？,False
11,宁德时代今天表现怎么样,False
11,请告诉我的自选股有哪些最新的研报信息,False
11,创远信科的最新业绩表现如何？,False
11,今日哪些板块资金流入较多？,False
11,ai盯盘,True
11,ai看基金,True
11,ai午报,True
11,买入赛诺医疗,True
11,ai盯股,True
11,自选股的行业走势怎样？,True
11,分析我的自选,True
11,龙虎榜上有哪些个股表现突出？,False
11,看一下市场龙虎榜,False
11,龙虎榜上有哪些新上榜的股票？,False
11,自选中个股分析,True
11,今天自选股有哪些异动？,True
11,今天市场龙虎榜有哪些变化？,False
11,金山办公4月8日主力资金流向,False
11,金山办公4月9日主力资金流向,False
11,金山办公4月10日主力资金流向,False
11,金山办公3月25日主力资金流向,False
11,金山办公3月27日主力资金流向,False
11,金山办公3月30日主力资金流向,False
11,金山办公3月31日主力资金流向,False
11,金山办公4月1日主力资金流向,False
11,金山办公4月2日主力资金流向,False
11,金山办公4月3日主力资金流向,False
11,金山办公4月7日主力资金流向,False
12,哈药股份的机构评级有哪些变化,False
12,双良节能最新的市场动态是什么？,False
12,双良节能最新动态有哪些,False
12,化学制药板块有哪些公司？,False
12,新光制药最近的市场表现如何？,False
12,近期有哪些行业的研报值得关注？,False
12,新光制药属于哪个细分板块,False
12,海能达最新的财务报告有哪些？,False
12,海能达的研究报告内容是什么？,False
12,海能达最新动态,False
12,新光制药,False
12,海能达近期有哪些重要消息？,False
12,新光制药的近期表现如何,False
12,新光制药的财务数据如何？,False
12,四川九洲,False
12,新炬网络,False
12,中船汉光,False
12,钢研纳克,False
12,四川九洲,False
12,多氟多,False
12,领湃科技,False
12,天赐材料,False
12,金山办公,False
12,杭钢股份,False
12,云飞励天,False
12,三未信安,False
12,永新光学,False
12,今天市场有哪些事件需要关注,False
12,最近有哪些市场动态？,False
12,房地产产业链的最近热点资讯,False
12,近期科技产业有哪些新动态？,False
12,东吴证券的管理层近期有何变动？,False
12,东吴证券近期有哪些新闻值得关注？,False
12,贵州茅台还能继续买吗,False
12,今天市场有什么利空消息？,False
12,东吴证券最近表现怎么样,False
12,协鑫集成、格林美今天表现怎么样,False
12,证券最近表现如何,False
12,格林美今天表现怎么样,False
12,今天市场整体表现如何？,False
12,东吴证券最近走势怎么样,False
12,贵金属板块怎么看,False
12,今天有什么热点需要关注？,False
12,有什么利好利空消息,False
12,最新的财经大事有哪些？,False
12,市场动态方面有什么新消息？,False
13,5G产业未来的发展趋势是什么？,False
13,5G产业未来的发展机会有哪些？,False
13,5G 有买入信号吗,False
13,如何查看我的交易记录？,False
13,清仓东方明珠,False
13,清仓东方财富,False
13,135元买入五粮液100股,False
13,135元 300股 000858 卖出,False
13,卖出000333 500股 现价,False
13,今天自选股中是否有涨停的股票,False
13,今天市场上有多少只涨停的股票,False
13,自选股涨跌幅情况,False
13,5g产业怎么样,False
13,我想知道自选股的最新动态,False
13,利欧股份可以买吗,False
13,利欧股份的市场情绪如何？,False
13,中安科怎么样,False
13,卖一价买入200股东吴证券,False
13,如何查看我的交易记录？,False
13,卖出全部的万科,False
13,买3杯威士忌,False
13,中安科未来的走势会怎样？,False
13,我持有的利欧股份表现如何？,False
13,我持有的股票今天表现如何？,False
13,今天持仓表现,False
13,我持有的股票近期有何利好消息？,False
13,买3手威士忌,False
13,金山办公3月20日主力资金流向,False
13,金山办公3月23日主力资金流向,False
13,金山办公3月24日主力资金流向,False
13,金山办公3月24日主力资金流向,False
13,金山办公3月26日主力资金流向,False
13,金山办公3月9日主力资金流向,False
13,金山办公3月10日主力资金流向,False
13,金山办公3月13日主力资金流向,False
13,金山办公3月17日主力资金流向,False
13,金山办公3月11日主力资金流向,False
13,金山办公3月18日主力资金流向,False
13,金山办公3月12日主力资金流向,False
13,金山办公3月16日主力资金流向,False
13,金山办公3月19日主力资金流向,False
13,金山办公3月6日主力资金流向,False
14,看看中铁装配会反转吗,False
14,你会什么,False
14,最近中铁装配的成交量如何？,False
14,今天跟我自选相关的行业有哪些,False
14,龙虎榜大佬买了那些股票,False
14,中锐股份压力位在哪里,False
14,哪资金进了那晓板块,False
14,自选股中哪些资金流入较多？,False
14,自选股中主力资金流入的趋势如何？,False
14,中锐股份后期会sT吗,False
14,今天自选股中表现较好的有哪些？,False
14,隆基绿能存货周转天数行业对比,False
14,宁德时代负债率如何,False
14,国泰君安推荐的新能源消纳受益标的,False
14,沪金2506走势预测,False
14,当前适合买入159530吗,False
14,沪金今日资金流入情况？,False
14,比亚迪毛利率连续三年下降原因？,False
14,比亚迪扫雷,False
14,长江电力有什么问题？,False
14,推荐一些市场热点资讯,False
14,医疗器械行业有哪些新兴技术值得关注？,False
14,有哪些医疗器械技术正在研发中？,False
14,Pe10的股票有哪些，隶属机器人板块,False
14,银行板块今天涨跌幅多少,False
14,英科医疗这段时间涨幅较大，请帮我简单分析下是什么原因驱动,False
14,机器人板块涨跌幅多少,False
14,英科医疗这段时间涨幅较大，请帮我简单分析下是什么原因驱动,False
14,英科医疗近期涨幅较大，请帮我分析下是什么原因驱动,False
14,上海洗霸属于什么板块，帮我找下同板块的个股,False
14,上海洗霸上涨的原因是什么,False
14,AI医疗板块有哪些个股,False
14,医疗器械行业的整体表现如何？,False
14,英科医疗今天涨幅多少,False
14,今天医疗器械行业有哪些涨幅较大的股票？,False
14,医疗器械行业未来的发展趋势是怎样的？,False
14,医疗器械行业有哪些新兴公司值得关注？,False
14,医疗器械行业的主要竞争者有哪些？,False
14,医疗器械行业的竞争格局会如何变化？,False
14,目前医疗器械行业的主要挑战是什么？,False
14,哪些医疗器械技术正在快速发展？,False
14,医疗器械行业未来的发展方向是什么？,False
14,人工智能概念有哪些最新的技术迭代资讯,False
14,当前新能源汽车的销量数据如何？,False
14,换电模式的最新进展有哪些？,False
14,大数据安全概念的监管加强影响,False
14,大数据安全领域的技术趋势有哪些？,False
14,当前白酒市场的消费趋势如何,False
14,中药概念的市场趋势如何,False
14,当前白酒市场的竞争态势如何？,False
14,中药行业的市场规模如何？,False
14,中药行业有哪些新兴企业值得关注？,False
14,中药行业未来有哪些政策支持？,False
14,中药行业的政策变化有哪些影响？,False
14,中药行业的市场前景如何？,False
14,半导体概念的进口关税政策有变化吗,False
14,中药的未来发展趋势,False
14,光伏概念的市场动态有哪些,False
14,中药行业的竞争情况如何？,False
14,新能源汽车的市场趋势如何？,False
14,半导体行业有哪些新动态？,False
14,区块链概念的应用场景拓展资讯,False
14,区块链技术的最新发展是什么？,False
14,最近区块链技术有哪些新应用？,False
14,区块链技术未来的应用趋势是什么？,False
14,近期区块链技术的技术创新有哪些？,False
14,新能源汽车市场的成交量如何？,False
14,区块链的最新动态有哪些,False
14,区块链的最新技术动态有哪些？,False
14,新能源汽车概念的上涨逻辑和下跌风险分别是什么,False
14,云计算概念的国内外发展差异有哪些,False
14,区块链在金融领域的应用有哪些？,False
14,换电概念的商业模式成熟度如何,False
14,绿电概念的月度涨跌幅是多少,False
14,智能驾驶概念的L4级技术落地资讯,False
15,这些涨停股属于什么行业？,False
15,现在适合买什么股票,False
15,今日涨幅靠前的股票有哪些？,False
15,今日哪些股票涨幅超过9%？,False
15,今天有哪些强势股？,False
15,新手应该怎样买股票,False
15,新手买股票要注意什么？,False
15,哪些信息源适合新手参考？,False
15,自选股最新资讯在哪看？,False
15,我的自选股今天有什么新消息？,False
15,自选股最新公告有哪些？,False
15,如何开通增加股东账户,False
15,如何开通公司债及企业债交易权限,False
15,如何开通开放式基金账户,False
15,如何开通深市期权账户,False
15,如何开通退市整理可转债权限,False
15,新三板股票是否支持撤单,False
15,如何交易新三板,False
15,如何开通公募REITs基金交易权限,False
15,如何开通新三板权限,False
15,如何查询新三板股票委托流水,False
15,如何新开上海股东号,False
15,如何开通沪市货币ETF申赎权限,False
15,新股新债中签如何缴款,False
15,今天有哪些个股成交量较大？,False
15,今天有哪些个股放量上涨？,False
15,有哪些个股底部放量？,False
15,有哪些个股的换手率高？,False
15,今天有哪些个股成交量较大？,False
15,今天有哪些个股机构净买额较高？,False
15,今天有哪些个股成交量较大？,False
15,今天有哪些个股成交量较大？,False
15,Ai概念买入多的个股,False
15,今天有哪些个股成交量较大？,False
15,中石化和中石油，哪只更值得买入,False
15,民生银行可以买入吗,False
15,现在市场上有哪些热门低价股？,False
15,新开普怎么样,False
15,有哪些低价股值得关注？,False
15,中石化可以买入吗,False
15,目前市场上有哪些值得关注的股票？,False
15,今年股市热门股票有哪些特点,False
15,民生银行的最新消息有哪些？,False
15,1000元可以买哪些股票,False
15,小面值股票有哪些,False
16,全市场异动,True
16,今天大宗交易市场是什么情况,True
16,平安银行今日是涨还是跌,True
16,自选股关联行业,True
16,自选股最新资讯,True
16,今天自选股综合表现,True
16,自选股研报,True
16,今日市场咯龙虎榜,True
16,我有几只自选股,True
16,我的自选股有哪些,True
16,襄阳轴承4月3日主力资金,False
16,襄阳轴承4月9日主力资金,False
16,襄阳轴承4月7日主力资金,False
16,襄阳轴承主力资金,False
16,襄阳轴承4月8日主力资金,False
16,襄阳轴承4月7日主力资金,False
16,襄阳轴承3月31日主力资金,False
16,襄阳轴承4月2日主力资金,False
16,襄阳轴承4月1日主力资金,False
16,襄阳轴承4月8日主力资金,False
16,自选股中换手率最低的股票有哪些？,False
16,自选股中动态市盈率最高的是哪只？,False
16,今天自选股整体表现如何？,False
16,今天自选股中有哪些股票表现平稳？,False
16,自选股中今天跌幅最大的股票有哪些？,False
16,自选股中今天涨幅最大的股票有哪些？,False
16,自选股市盈率>10的股票有哪些?,False
16,今天自选股整体趋势如何？,False
16,自选股中波动幅度最大的股票有哪些？,False
16,自选股中动态市盈率变化最大的股票有哪些？,False
16,紫金矿业,False
16,中国平安,False
16,德尔未来最新进展？,False
16,中国平安历年来的分红,False
16,嘉泽新能,False
16,盐田港,False
16,日照港,False
16,德尔未来,False
16,天通股份,False
16,德尔未来,False
16,今天市场龙虎榜怎么样？,False
16,看一下市场龙虎榜,False
16,龙虎榜机构净买哪些股？,False
16,你这自选日报小助手只会找数据，不会说对策有什么意义,True
16,自选股中哪些行业值得关注？,True
16,证券行业操作策略,False
16,针对军工行业上涨有何对策,False
16,你不能提供策略吗,True
16,针对军工行业上涨有何对策,True
16,龙虎榜上榜自选股操作策略,True
16,长城军工操作建议,False
17,推荐一些热门产业链,False
17,新能源汽车产业链怎么样,False
17,分析下新能源汽车产业链,False
17,利好的资讯？,False
17,平安银行的当前市价是多少？,False
17,利好贵州茅台的资讯,False
17,新能源汽车产业链的最新动态是什么？,False
17,今天大宗交易市场有哪些股票啊,False
17,新能源汽车上下游情况,False
17,推荐一些热门资讯,False
17,买100张贵州茅台,False
17,中际旭创5月19日主力资金流向,False
17,厦门钨业5月15日主力资金流向,False
17,厦门钨业5月14日主力资金流向,False
17,中际旭创5月11日主力资金流向,False
17,中际旭创5月12日主力资金流向,False
17,中际旭创5月13日主力资金流向,False
17,中际旭创5月15日主力资金流向,False
17,中际旭创5月14日主力资金流向,False
17,中际旭创5月18日主力资金流向,False
17,厦门钨业4月29日主力资金流向,False
17,厦门钨业4月30日主力资金流向,False
17,厦门钨业5月6日主力资金流向,False
17,厦门钨业5月7日主力资金流向,False
17,厦门钨业5月8日主力资金流向,False
17,厦门钨业5月11日主力资金流向,False
17,厦门钨业5月12日主力资金流向,False
17,厦门钨业5月13日主力资金流向,False
17,金山办公3月30日主力资金流向,False
17,当虹科技4月2日主力资金流向,False
17,当虹科技4月3日主力资金流向,False
17,当虹科技3月31日主力资金流向,False
17,金山办公4月2日主力资金流向,False
17,当虹科技3月30日主力资金流向,False
17,金山办公3月25日主力资金流向,False
17,当虹科技3月26日主力资金流向,False
17,当虹科技4月1日主力资金流向？,False
17,金山办公4月10日主力资金流向,False
17,当虹科技3月25日主力资金流向,False
17,金山办公4月3日主力资金流向,False
17,当虹科技4月1日主力资金流向,False
17,金山办公4月7日主力资金流向,False
17,金山办公4月1日主力资金流向,False
17,当虹科技当日主力资金动向？,False
17,金山办公3月24日主力资金流向,False
17,金山办公4月8日主力资金流向,False
17,金山办公4月13日主力资金流向,False
17,当虹科技3月27日主力资金流向,False
17,当虹科技4月10日主力资金流向,False
17,当虹科技4月7日主力资金流向,False
17,金山办公4月9日主力资金流向,False
17,当虹科技4月13日主力资金流向,False
17,当虹科技3月23日主力资金流向,False
17,金山办公3月27日主力资金流向,False
17,当虹科技3月24日主力资金流向,False
17,金山办公3月23日主力资金流向,False
17,金山办公3月26日主力资金流向,False
17,金山办公3月31日主力资金流向,False
17,当虹科技当日资金流向如何？,False
17,当虹科技4月9日主力资金流向,False
17,当虹科技4月2日主力资金流向,False
17,当虹科技4月2日资金流向？,False
17,当虹科技4月8日主力资金流向,False
17,当虹科技4月1日主力资金流向,False
18,如何设置个股行情页面,False
18,如何交易开放式基金,False
18,如何交易开放式基金,False
18,如何查询信用账户的手续费,False
18,查询可转债的行情路径,False
18,如何交易可转债,False
18,如何操作可转债回售,False
18,如何在信用账户中使用现金偿还利息或负债,False
18,如何操作银证转账,False
18,如何提前购回天添利,False
18,如何购买天添利,False
18,如何变更天添利到期续做,False
18,如何交易B股,False
18,如何开通北交所权限,False
18,如何交易ETF基金,False
18,如何交易场外开放式基金,False
18,如何解绑辅银行卡,False
18,如何查看龙虎榜,False
18,如何查看账户的资产情况分析,False
18,如何操作基金定投,False
18,如何设置K线指标显示,False
18,如何开通退市整理权限,False
18,如何开通可转债权限,False
18,如何操作基金转换,False
18,如何关闭股票浏览记录,False
18,如何显示股票盘口,False
18,已有创业板权限仍无法申购创业板新股,False
18,如何找回账号和密码,False
18,如何修改基金定投,False
19,放量和缩量的标准是什么？,False
19,请帮我提炼一下贵州茅台最近研报的关键信息,False
19,分别是哪几片研报？,False
19,昨天都有谁参与了贵州茅台的大宗交易,False
19,中特估概念是什么,False
19,中特估行业中哪些行业涨幅最大？,False
19,推荐一些股票加自选,False
19,我接下来应该关注哪些题材的股票？,False
19,把贵州茅台加入自选,False
19,简要分析一下宁德时代的一季报,False
19,卖空是什么,False
19,我如何开通两融,False
19,帮我找几只与黄金相关的股票,False
19,中特估涉及的行业有哪些？,False
19,融资融券业务需要哪些抵押,False
19,融资融券业务介绍,False
19,融券费率如何计算？,False
19,融资融券如何操作？,False
19,融资融券的利率是多少？,False
19,融券的费率是多少？,False
19,融资融券的担保品有哪些？,False
19,哪些资产可作融资融券担保品？,False
19,哪些资产可作融资融券担保品？,False
19,融券费率包含哪些费用？,False
20,盲盒经济历史每年最高点和最低点月份？,False
20,请推荐5只适合长期投资的股票,False
20,如何开通科创板成长层权限,False
20,外国游客来中国的人数最近有什么趋势,False
20,太极股份2025年一季度季报,False
20,最近的上证指数二十天线和三十天线死叉的位置是多少,False
20,中国有多少家银行？,False
20,游族网络是什么时候公布的提前赎回可转债的,False
20,我想买一个银行股，不考虑股票波动，想拿股票分红，分红比较高的银行股，有推荐吗,False
20,大宗交易为什么会出现？他出现后对股价的影响会怎么样？,False
20,跟AI相关的有哪些股票,False
20,跟AI相关的有哪些股票,False
20,次新股概念的领涨股有哪些,False
20,有什么股票推荐,False
20,东吴证券有哪些关键行业,False
20,东吴证券有哪些关联行业,False
20,看一下东吴证券的今年财报,False
20,跌最狠的是哪一只股票,False
20,平安银行今日表现,False
20,东吴证券的最新研报,False
20,今天大宗交易市场是什么情况,False
20,市场今天有什么重要事件吗,False
20,今天大宗交易市场是什么情况,False
20,次新股概念的领涨股有哪些,False
20,比亚迪的分红融资情况如何,False
20,东吴证券有哪些关键行业,False
20,今天大宗交易市场是什么情况,False
20,比亚迪的分红融资情况如何,False
20,请告诉关于东吴证券的最新研报,False
20,次新股概念的领涨股有哪些,False
21,比亚迪研发投入占比多少？,False
21,5G 概念有哪些行业政策​,False
21,华宝中证科技龙头ETF股息率？,False
21,515000近三年股息率变化？,False
21,哪些地方出台了5G支持政策？,False
21,515000的股息率高吗？,False
21,515000当前估值高吗？,False
21,基金etf515000能不能买,False
21,家电行业平均毛利率是多少？,False
21,四川长虹毛利率高于行业平均吗？,False
21,体育产业有哪些最新扶持政策？,False
21,体育产业最新政策动向是什么？,False
21,浪潮信息是否存在风险？,False
21,体育产业有哪些最新扶持政策？,False
21,浪潮信息毛利率为何持续下降？,False
21,流通股本100亿以下的股票有哪些?,False
21,浪潮信息是否有问题？,False
21,体育产业有哪些最新政策？,False
21,体育产业还有哪些新政策？,False
21,体育产业近期有哪些利好？,False
21,近期哪些产业表现较好？,False
21,近期涨幅较好的产业有哪些？,False
21,英伟达投资了哪些公司,False
21,英伟达投了Marvell多少？,False
21,比亚迪四季度财报分析,False
21,近期哪些产业涨幅较好,False
21,比亚迪研发投入同比变化？,False
21,沪金2026怎么样,False
21,沪金2026今天涨了吗？,False
21,家电行业近三年毛利率变化？,False
21,四川长虹三季度业绩分析,False
21,四川长虹三季度毛利率变化如何？,False
21,516150今日资金流向？,False
21,516150最近调仓情况如何？,False
21,516150最新持仓比例？,False
21,516150最新持仓比例,False
21,AI如何赋能体育产业？,False
21,近期体育产业涨幅如何？,False
21,近期哪些产业涨幅较好,False
21,兰石重装的股价走势如何？,False
21,兰石重装的股价走势如何？,False
21,兰石重装最近该怎么操作啊,False
21,兰石重装的市场份额如何？,False
21,兰石重装的业绩表现如何？,False
21,兰石重装近期有何重要消息？,False
21,兰石重装的竞争对手表现如何？,False
21,兰石重装近期有何重要事件？,False
21,兰石重装近期的股东变动情况？,False
21,可以买入吗,False
22,大宗交易的利弊,False
22,今天大宗交易市场有哪些股票？,False
22,大宗交易的出现在个股的哪个阶段可视为利好可跟进买入，参与后上涨概率是多少？,False
22,大宗交易后股票走势的几种分析,False
22,大宗交易后股价上涨概率多大？,False
22,大宗交易成交额最大的是哪只？,False
22,今天大宗交易市场是什么情况,False
22,近期有哪些大宗交易案例？,False
22,今天大宗交易市场成交额前十是哪些？,False
22,大宗交易会影响股价吗？,False
22,大宗交易后股价通常会怎么走？,False
22,大宗交易后股价怎么变？,False
22,如何在APP里找到客户经理？,False
22,联系客户经理能降佣金吗？,False
22,我的交易佣金费率可以降低点吗,False
22,如何申请降低我的交易佣金费率？,False
22,东吴秀财APP能自助调佣金吗？,False
22,查询我分配的客户经理,False
22,如何调整东吴证券的佣金？,False
22,联系客户经理能降佣金吗？,False
22,如何联系东吴证券客户经理？,False
22,我的客户经理怎么联系,False
22,人形机器人那些股可以买,True
22,买入国金证券,True
22,寒武纪怎么样,True
22,人形机器人有哪些投资机会,True
22,短期内有哪些看好的板块,True
22,买入国金证券,False
22,帮我分析下账户,False
22,帮我开通创业板,False
22,根据macd指标选股,False
22,如何解读贴息“礼包”来了！,False
22,存管变更,False
22,帮我开通北交所,False
22,如何调整佣金,False
22,英伟达概念股有哪些,False
22,龙虎榜上榜个股,False
22,寒武纪昨天涨停的原因,True
22,长城证券涨停的原因,True
22,寒武纪怎么样,False
22,最近看好哪些板块,False
22,最近有哪些热门行业版,True
22,短期内有哪些看好的板块,True
22,帮助分析下大盘走势,True
22,今天大宗交易市场是什么情况,True
22,如何调整佣金,False
22,我要开户,False
22,帮我查下我的佣金,False
23,今天自选股的涨幅如何？,False
23,华旺科技最近操盘,False
23,今天和我自选相关的概念有哪些,False
23,今天自选股的行业变化有哪些？,False
23,自选股中哪些股票表现较好？,False
23,自选股的行业表现如何？,False
23,2025年11月19日自选股利空,False
23,2025年11月19日自选股利好,False
23,棕榈股份最近操盘情况,False
23,宇通重工最近操盘手法,False
23,华旺科技最近操盘手法,False
23,市价1000元买入100股贵州茅台,False
23,当前价买入100股平安银行,False
23,市价买入100股贵州茅台，保护限价为1540,False
23,市价1000元买入100股贵州茅台,False
23,用买十一价买入100股平安银行,False
23,市价买入100股贵州茅台，1500元,False
23,请帮我用买1444价买入100股平安银行,False
23,用限价买入100股平安银行,False
23,用现价20买入100股平安银行,False
23,用买十三价买入100股平安银行,False
23,市价卖出100股平安银行,False
23,市价1500元买入100股贵州茅台,False
23,市价卖出1手贵州茅台,False
23,雪人集团4月20日主力资金流向,False
23,雪人集团4月3日主力资金流向,False
23,雪人集团4月7日主力资金流向,False
23,雪人集团4月8日主力资金流向,False
23,雪人集团4月10日主力资金流向,False
23,雪人集团当日主力资金流向如何？,False
23,雪人集团4月17日主力资金流向,False
23,雪人集团3月31日主力资金流向,False
23,雪人集团3月30日主力资金流向,False
23,雪人集团4月16日主力资金流向,False
23,雪人集团4月15日主力资金流向,False
23,雪人集团4月1日主力资金流向,False
23,雪人集团4月14日主力资金流向,False
23,雪人集团4月2日主力资金流向,False
23,雪人集团4月13日主力资金流向,False
23,雪人集团4月9日主力资金流向,False
24,指南针今年最新季度单季度营业收入环比增长率,False
24,省广集团主力增仓占比,False
24,中囯中免什么时候出年报,False
24,301397.SZ情绪温度,False
24,中工国际K线在60日均线附近吗,False
24,红宝丽散户数量,False
24,惠泰医疗公司在冠脉通路领域的核心优势是什么？,False
24,精伦电子近5日区间涨跌幅排名,False
24,浔兴股份属于哪个板块,False
24,城发环境公司国际业务拓展策略是什么？,False
24,淮河能源散户数量,False
24,000700.SZ突破压力位,False
24,连云港机构动向,False
24,闽东电力今日主力资金流入情况,False
24,宏工科技公司在锂电池行业的核心竞争力是什么？,False
24,大北农主力成本是多少？,False
24,美力科技最新季度单季度营业收入同比增长率,False
24,榕基软件主力增仓占比,False
24,三博脑科5月14日主力资金流向？,False
24,东方国信5月20日主力资金流向,False
24,明阳电路5月11日主力资金流向,False
24,明阳电路5月11日主力资金流向,False
24,东方国信5月19日主力资金流向,False
24,明阳电路5月12日主力资金流向,False
24,明阳电路5月15日主力资金流向,False
24,明阳电路5月13日主力资金流向,False
24,东方国信5月18日主力资金流向,False
24,东方国信5月13日主力资金流向,False
24,明阳电路5月14日主力资金流向,False
24,东方国信5月12日主力资金流向,False
24,明阳电路5月19日主力资金流向,False
24,明阳电路5月20日主力资金流向,False
24,东方国信5月14日主力资金流向,False
24,三博脑科5月11日主力资金流向,False
24,三博脑科5月12日主力资金流向？,False
24,三博脑科5月13日主力资金流向？,False
24,东方国信5月8日主力资金流向,False
24,东方国信5月7日主力资金流向,False
24,东方国信5月6日主力资金流向,False
24,东方国信4月30日主力资金流向,False
24,东方国信5月11日主力资金流向,False
24,东方国信4月29日主力资金流向,False
24,明阳电路5月18日主力资金流向,False
24,东方国信5月15日主力资金流向,False
24,均胜电子5月20日主力资金流向,False
24,均胜电子5月18日主力资金流向,False
24,均胜电子5月14日主力资金流向,False
24,均胜电子5月12日主力资金流向,False
24,均胜电子5月11日主力资金流向,False
24,均胜电子5月19日主力资金流向,False
24,均胜电子5月15日主力资金流向,False
24,均胜电子5月8日主力资金流向,False
24,三博脑科5月20日主力资金流向？,False
24,三博脑科5月19日主力资金流向？,False
24,三博脑科5月18日主力资金流向？,False
24,均胜电子5月13日主力资金流向,False
24,三博脑科5月15日主力资金流向？,False
25,近3月涨跌幅,False
25,近一月涨跌幅,False
25,成交额,False
25,量比,False
25,002932近一周涨跌幅,True
25,外盘,False
25,北京利尔今天的成交量是多少？,False
25,换手率,False
25,请告诉我的自选股有哪些最新的研报信息,False
25,002392近3月涨跌幅,False
25,涨停价,False
25,002392今开价,False
25,外盘,False
25,振幅,False
25,内盘,False
25,002392外盘,False
25,002392近一周涨跌幅,True
25,002932近一周涨跌幅,False
25,最高价,False
25,002932近一周涨跌幅,False
25,002932近一周涨跌幅,False
25,002392全部涨跌幅,False
25,002392股息率,False
25,流通市值,False
25,002932近一周涨跌幅,False
25,002392内盘,False
25,002392外盘,False
25,002392委比是多少,False
25,002392市盈率,False
25,委比,False
25,外盘,False
25,流通市值,False
25,流通市值,False
25,总市值,False
25,股息率,False
25,委比,False
25,002392psr,False
25,002392ttm,False
25,002392roa,False
25,002392roe,False
25,002392全部最高价,False
25,002392今年涨跌幅,False
26,隆基绿能拥有通威股份多少股份,False
26,通威股份2025年净利润能否扭亏为盈,False
26,通威股份的股东结构如何？,False
26,通威股份主营业务构成,False
26,多晶硅价格上涨9%对通威股份业绩的影响,False
26,通威股份连续亏损了几年,False
26,通威股份会不会被st,False
26,通威股份十大股东明细,False
26,通威股份经营性现金流情况,False
26,通威股份最近机构调研明细,False
26,通威股份的筹码分布情况,False
26,通威股份未来一年投资胜率分析,False
26,哪些公募基金重仓通威股份,False
26,光伏反内卷去产能最新动态,False
26,银证转账资金到账时间,False
26,如何办理退市公司股份确权登记,False
26,如何查询B股持仓,False
26,如何查询B股持仓,False
26,如何开通OTC账户,False
26,如何操作可转债转股,False
26,如何行使现金选择权,False
26,场外如何申赎货币基金,False
26,如何操作网络投票,False
26,如何查询转账流水,False
26,如何在东吴证券秀财金融终端查询沪深主要指数及其成分股,False
26,中恒电气主力资金,False
26,中恒电气主力资金流向如何？,False
26,福蓉科技4月7日主力资金,False
26,福蓉科技4月8日主力资金,False
26,无线传媒主力资金,False
26,联得装备主力资金,False
26,东方材料主力资金,False
26,恒华科技主力资金流向？,False
26,恒华科技主力资金,False
26,保利联合主力资金,False
26,和胜股份主力资金,False
27,查询科创板股票,False
27,基金etf515000能不能买,False
27,科技龙头ETF估值偏高吗？,False
27,推荐一些涨的好的产业,False
27,打开多股同列,False
27,英伟达投资了哪些公司,False
27,创业板有哪些公司,False
27,开通创业板权限,False
27,我开通了哪些权限,False
27,近期哪些产业涨幅较好,False
27,天的医药股涨幅排名。,False
27,商业航天板块今日涨幅排名？,False
27,今天哪只自选股涨幅最高,False
27,今天矿产资源、有色金属板块 涨幅排名。,False
27,输变电设备板块今日涨幅排名如何？,False
27,今日发电 配件 输变电板块排名。,False
27,今日储能、输变电板块涨幅排名。,False
27,输变电设备板块今日有哪些个股上涨？,False
27,今天计算机算力的块行情。涨幅排名。,False
27,商业航天板块今日涨幅排名？,False
27,今日有色金属板块涨幅排名？,False
27,今天商业航天 股份的排名。,False
27,ST尔雅存在哪些风险？,False
27,外部风险包括哪些方面？,False
27,我开通了哪些权限,False
27,我的自选股有风险吗,False
27,AI扫雷小助手能查哪些风险？,False
27,贵州茅台现金流会受影响吗？,False
27,贵州茅台有哪些风险点？,False
27,浪潮信息是否有问题？,False
27,贵州茅台应收账款激增有何风险？,False
27,应收账款激增有何影响？,False
27,老板电器现金减少的原因是什么？,False
27,老板电器可能有哪些风险点？,False
28,五洲新春,False
28,300669今日主力资金是否净流入？,False
28,浙矿股份,False
28,海南长兴的股票代码是多少？,False
28,西变中特,False
28,601179,False
28,多氟多,False
28,天赐材料,False
28,金百泽最新融资余额是多少？,False
28,证券机构对金百泽的评价如何,False
28,柯力传感,False
28,300669,False
28,中船汉光主力资金流向？,False
28,金山办公目标价,False
28,300669今日主力资金流向如何？,False
28,海南长兴,False
28,天赐材料近期融资情况如何？,False
28,王子新材,False
28,中船汉光,False
28,金百泽,False
28,中国中车,False
28,南京证券,False
28,金山办公最新目标价是多少？,False
28,成飞集成,False
28,成飞集成近期有研报吗？,False
28,金山办公,False
29,自选股的最新市场动态是什么？,False
29,今天市场上有哪些涨幅较大的股票？,False
29,今天自选股表现,False
29,今天有哪些股票表现较好？,False
29,今日市场整体表现如何？,False
29,今日自选股综合表现如何,False
29,今天市场整体状况怎么样啊,False
29,自选股有哪些强势股数据？,False
29,自选股有哪些上了龙虎榜,False
29,自选股有哪些强势股数据？,True
29,今天有哪些股票下跌较多？,False
29,贵州茅台资讯有啥影响？,False
29,安妮股份还可以买入吗？,False
29,今天市场有哪些消息需要关注,False
29,摩尔线程还可以买入吗,False
29,东吴证券最近走势怎么样？有什么消息需要关注？,False
29,今天有什么市场热点？,False
29,今天市场有哪些新动态？,False
29,帮我分析一下东吴证券三季报,False
29,上海电力还可以买入吗,False
29,帮我分析一下摩尔线程,False
29,怎么看云计算板块,False
29,今天和我自选相关的概念有哪些,False
29,今天市场有哪些重要动态？,False
29,最近有哪些利好事件,False
29,帮我分析一下云计算板块,False
29,东吴证券最近能买入吗？,False
29,黄金板块还可以买吗,False
30,岩山科技怎么看,True
30,云鼎科技目前走势分析,True
30,宗申动力的分时K线显示了什么信号？,True
30,天风证券监管问询点评,True
30,雷柏科技的近期走势如何？,True
30,嘉麟杰最新季度单季度净利润看点解读,True
30,华工科技的主力控盘度如何？,True
30,恒大高新量价关系是否显示主力意图？,True
30,日出东方MACD分析,True
30,"双环传动浮盈17个点,该继续持有吗？",True
30,徕木股份的超长线投资价值如何？,True
30,连云港的主力资金流向如何？,True
30,中国石化现在适合买入吗？,True
30,"森马服饰5.00的本,目前适合补仓吗？",True
30,德瑞锂电当前适合加仓还是减仓？,True
30,云赛智联的K线形态如何分析？,True
31,东方电子2023年总股本、营业收入、净资产、收盘价、eps,False
31,皇庭国际旗下做芯片的公司是哪家？,False
31,万方发展主力控仓比例，和主力成本是多少,False
31,奥瑞德股东增减持,False
31,中国交建生命线,False
31,融发核电有收到2000亿项目吗,False
31,天龙股份属于量价齐升吗,False
31,泉阳泉今日主力资金流入情况,False
31,华星创业主力控盘比例,False
31,武汉凡谷金叉,False
31,神州高铁前十股东,False
31,请问凯美特气。它的走势是什么？,False
31,东华股份,False
31,中国核建资金流出,False
31,连云港主力资金流向,False
31,600132主力增仓占比,False
31,银宝山新目前减持完了吗,False
31,中源家居环比增长多少,False
31,金鸿顺自由流通市值是多少,False
31,安记食品今日主力资金流入情况,False
31,绿地控股去年营收有过万亿吗,False
31,中远海控毛利率,False
31,2024年片仔癀净毛利率,False
31,浙大网新与算力有关系么,False
31,浙江鼎力属于什么板块,False
31,绿地控股已经连续亏损几年了,False
31,请问联创电子与影石的关系,False
31,有研新材是什么形态,False
31,600589主力增仓占比,False
31,友有食品主力持仓占比,False
31,高德红外2013年4月的股东人数,False
31,亿联网络连续五年平均净利润现金含量,False
31,连续横盘30个交易日,False
31,近1月横盘且筹码集中的股票有哪些？,False
31,近1月横盘迹象明显的股票有哪些？,False
31,近1月横盘迹象明显且筹码高度集中的股票有哪些？,False
31,近期横盘整理的股票有哪些？,False
31,连续横盘30个交易日,True
31,列举最近连续横盘30个交易日的股,True
31,哪些股近22天涨跌幅很小？,True
31,近22天涨跌幅很小且持续放量的股票还有哪些,False
31,近22天涨跌幅很小的股票有哪些？,False
31,解释融资余额减少,False
31,楚天科技主力资金流向如何？,False
31,万安科技最近主力资金情况,False
31,万安科技近期主力资金动向？,False
31,帮我分析黄河旋风,False
31,万安科技主力资金是否持续流入？,False
31,帮我分析东方电热,False
31,帮我分析楚天科技,False
31,帮我分析大华股份,False
31,大华股份主力资金流向怎样？,False
31,帮我分析万安科技,False
31,帮我分析普利特,False
32,固态电池研发有哪些新进展？,False
32,有哪些企业在固态电池技术上有新产品？,True
32,有哪些企业在固态电池领域有新进展？,False
32,固态电池技术的最新研发动态有哪些？,False
32,有哪些企业在固态电池技术上有新产品？,False
32,固态电池技术的未来趋势是什么？,False
32,固态电池的生产工艺是怎样的？,False
32,固态电池的主要应用领域有哪些？,False
32,固态电池的安全性如何保障？,False
32,用于人形机器人的固态电池,False
32,有哪些企业在固态电池技术上有新产品？,True
32,哪些企业在研发固态电池技术？,False
32,吉艾退的退市整理期会持续多久？,False
32,为什么600609一直跌,False
32,600609会退市吗,False
32,金杯汽车的股东大会什么时候召开？,False
32,金杯汽车的投资者活动有哪些？,False
32,金杯汽车的市场表现如何？,False
32,最近市场对金杯汽车的动态如何？,False
32,今天市场对金杯汽车的关注度如何？,False
32,金杯汽车今天的资金流向如何？,False
32,金杯汽车的主力资金流入情况如何？,False
32,600609,False
32,金杯汽车的最新公告有哪些？,False
32,600609可以买入吗,False
32,002127会退市吗,False
32,金杯汽车未来的产品计划有哪些？,False
32,002127,False
32,金杯汽车的行业前景如何？,False
32,金杯汽车在新能源领域的布局如何？,False
32,金杯汽车近期的市场表现如何？,False
32,金杯汽车的最新成交量是多少？,False
32,金杯汽车的股东信息有哪些？,False
32,金杯汽车的最新公告有哪些？,False
32,金杯汽车的股东大会信息有哪些？,False
33,上涨的自选股有哪些,False
33,自选股中哪些股票被关注度提升？,False
33,自选股中哪些股票被机构买入较多？,False
33,有哪些自选股表现较好？,False
33,自选股中有哪些股票的最新消息？,False
33,自选股中有哪些股票的融资情况值得关注？,False
33,自选股中有哪些股票的消息面较好？,False
33,自选股中有哪些股票近期活跃？,False
33,自选股中哪些股票近期有异动？,False
33,自选股中有哪些股票表现突出？,False
33,自选股中有哪些股票值得关注？,False
33,自选股中有哪些股票值得长期关注？,False
33,自选股中有哪些股票下跌？,False
33,自选股中近期有哪些股票波动较大？,False
33,分析一下830955,False
33,买三手威士忌,False
33,今天自选股表现,False
33,帮我决定一下宁德时代的操作,False
33,新能源汽车上下游情况,False
33,平安银行的当前市价是多少,False
33,市价委托买入云赛智联100股,False
33,平安银行的最新市盈率是多少？,False
33,推荐一些热门产业链,False
33,我可以查看哪个股票的实时行情？,False
33,福龙马怎么样,False
33,白色家电产业链的相关资讯,False
33,上海电机可以买吗，分析一下,False
33,我的自选股今天涨幅怎么样,False
33,今天自选股表现,True
33,我的自选股最新动态有哪些,False
33,最近白色家电行业的市场动态如何？,False
33,当前有哪些行业值得关注？,False
33,当前市场上有哪些热门的行业趋势？,False
33,推荐一些市场热点资讯,False
33,上涨概率大的产业,False
34,商业航天有哪些股票资金流入？,False
34,连续两天有主力资金进入的股票有哪些,False
34,商业航天这个板块的走势分析,False
34,AI板块有哪些强势股？,False
34,今天商业航天板块涨跌情况？,False
34,今日主力资金净流入情况？,False
34,商业航天有资金进入的股票吗,False
34,接下来你关注的焦点,False
34,下周一龙虎榜有哪些股票？,False
34,下周一有哪些股票值得关注？,False
34,今天龙虎榜有哪些股票？,False
34,Ai这个板块的市场分析,False
34,市场上的AI强势股有哪些？,False
34,近期AI相关强势股有哪些？,False
34,今天AI相关强势股有哪些？,False
34,近期有哪些政策利好值得关注？,False
34,特斯拉中国AI中心供应商是谁？,False
34,Ai语料相关的强势股有哪些,False
34,哪些与AI有关的股票近期资金流入较多？,False
34,近期AI相关股票资金流入情况如何？,False
34,当前贵金属市场主要风险是什么？,False
34,黄金白银能源贵金属等市场分析,False
34,有主力资金进入吗？,False
34,自选股中哪些公司受益于算力互联政策？,False
34,算力互联政策利好哪些公司？,False
34,哪些公司受益算力互联政策利好,False
34,哪些公司可能参与特斯拉AI中心建设？,False
34,特斯拉中国AI中心的供应商包括哪些公司？,False
34,特斯拉中国AI训练中心合作方有哪些？,False
34,这两天主力资金进入的Ai股,False
34,今天市场涨停的股票有哪些？,False
34,特斯拉在中国的Ai应用公司,False
34,今日主力资金连续流入的个股有吗？,False
34,今天大宗交易市场是什么情况,False
34,今日商业航天板块有数据吗？,False
34,今天涨停板有哪些,False
34,下周一可以买什么股票,False
34,今天大宗交易市场有哪些个股成交活跃？,False
34,今天的市场分析,False
34,有哪些跌停的,False
34,今天市场整体表现如何？,False
34,你看好哪些股票,False
34,近期有哪些连板强势股？,False
34,当前市场强势股有哪些？,False
34,我的自选股中有连板股吗？,False
34,605058,False
34,002056,False
34,603068,False
34,中船汉光,False
34,柯力传感,False
34,富满微,False
34,688008,False
34,中国中车,False
34,601766,False
34,301041,False
34,688165,False
34,横店东磁,False
34,埃夫特,False
34,605398,False
34,新炬网络,False
34,澳弘电子,False
34,688595,False
34,芯海科技,False
34,002709,False
34,002085,False
34,002407,False
34,今天300546主力资金动向？,False
34,300546,False
34,300797,False
34,603297,False
34,300847,False
35,如何开通深市期权账户,False
35,信用账户配股如何缴款,False
35,如何开启成交回报提醒,False
35,如何开通条件单,False
35,如何查询港股通汇率,False
35,如何查询港股通持仓,False
35,如何查询已清仓股票,False
35,如何设置定价买入条件单,False
35,如何添加银行卡,False
35,如何查询港股通资金明细,False
35,如何操作预约打新,False
35,如何更换存管银行,False
35,如何自动购买国债逆回购,False
35,如何查询港股通的交易记录,False
35,如何撤销预约打新,False
35,如何修改或终止条件单,False
35,如何设置网格交易,False
35,如何设置时间条件单,False
35,新股新债中签如何缴款,False
35,如何设置止盈止损条件单,False
35,新三板股票是否支持撤单,False
35,新股新债中签通知,False
35,如何查询新三板股票委托流水,False
35,如何开通增加股东账户,False
35,如何开通沪市货币ETF申赎权限,False
35,如何开通开放式基金账户,False
35,如何开通新三板权限,False
35,如何开通公募REITs基金交易权限,False
35,如何开通公司债及企业债交易权限,False
35,如何新开上海股东号,False
35,如何开通退市整理可转债权限,False
35,如何交易新三板,False
35,如何查询预留手机号码,False
35,如何更新身份证信息,False
35,如何行使现金选择权,False
35,如何找回账号和密码,False
35,如何操作可转债转股,False
35,如何开通OTC账户,False
35,如何查看账户信息,False
35,如何修改账户预留手机号码,False
35,A股交易的委托方式,False
35,如何签署融资融券业务合同变更确认书,False
35,如何查询股东账号,False
35,如何操作担保证券划转,False
35,如何查询B股持仓,False
35,如何解绑主银行卡,False
35,如何添加联系人,False
35,配股缴款操作流程,False
35,如何更新风险测评,False
35,如何签署融资融券业务合同变更确认书,False
35,如何修改基金分红方式,False
35,如何查询预留手机号码,False
35,如何解绑主银行卡,False
35,东方国信3月30日主力资金流向,False
35,东方国信4月8日主力资金流向,False
35,东方国信4月3日主力资金流向,False
35,东方国信4月7日主力资金流向,False
35,东方国信4月9日主力资金流向,False
35,东方国信当日主力资金动向？,False
35,东方国信3月20日主力资金流向,False
35,东方国信3月25日主力资金流向,False
35,东方国信3月23日主力资金流向,False
35,东方国信3月24日主力资金流向,False
35,东方国信3月26日主力资金流向,False
35,东方国信3月27日主力资金流向,False
35,东方国信3月31日主力资金流向,False
35,东方国信4月1日主力资金流向,False
35,东方国信4月2日主力资金流向,False
35,东方国信3月17日主力资金流向,False
35,东方国信3月18日主力资金流向,False
35,东方国信3月19日主力资金流向,False
35,东方国信3月19日主力资金流向？,False
35,"该股票的
主力净量在1以上，怎么理解",False
35,通鼎互联是题材妖股吗？,False
35,通鼎互联当前主力成本是多少？,False
35,通鼎互联主力资金出货,False
35,通鼎互联主力成本多少,False
35,通鼎互联业务有光纤业务吗？在其总业务的占比多少,False
35,通鼎互联业务有光纤业务吗？在其总业务的占比多少,False
35,目前买入通鼎互联股票的机构和大游资有哪些，买入金额各自多少亿元？,False
35,通鼎互联今天股市情形，是否为超跌反弹，游资短炒试盘,False
35,通鼎互联主力净量在1.04，怎么理解,False
35,通鼎互联主力资金今日流向？,False
35,通鼎互联今天主力资金动向如何？,False
35,通鼎互联今日主力资金,False
